ratio,variables,gens I_dual,gens I1,CoCoALib,BDD,M2
2,2,2,1,6.2e-05,3e-06,0.000242
3,3,3,1,1.6e-05,3e-06,0.000262
4,4,4,1,1.9e-05,5e-06,0.000295
2,5,2,1,1.4e-05,3e-06,0.000216
5,6,5,1,2.1e-05,6e-06,0.000337
1,7,1,1,1.2e-05,2e-06,0.000171
6,8,6,1,2.3e-05,5e-06,0.000375
8,9,8,1,2.6e-05,6e-06,0.000446
5,10,5,1,2.1e-05,5e-06,0.000335
9,11,9,1,2.9e-05,8e-06,0.000485
8,12,8,1,2.4e-05,7e-06,0.000451
10,13,10,1,3e-05,9e-06,0.00051
1,14,1,1,1.3e-05,2e-06,0.00017
2,4,2,1,1.4e-05,3e-06,0.000216
3,6,3,2,1.9e-05,5e-06,0.000263
11,8,11,4,4.3e-05,1.3e-05,0.000596
12,10,12,4,4.6e-05,1.3e-05,0.000642
19,12,19,5,8.7e-05,2.8e-05,0.000901
18,14,18,4,8.2e-05,2.4e-05,0.000906
22,16,22,3,6.4e-05,2.3e-05,0.00104
22,18,22,4,0.000114,3.5e-05,0.001028
18,20,18,3,6.9e-05,2.3e-05,0.000879
25,22,25,4,0.000106,3.6e-05,0.001169
24,24,24,2,5.8e-05,2.3e-05,0.001154
57,26,57,6,0.000446,0.000164,0.002552
61,28,61,7,0.000521,0.000206,0.002879
3,6,3,3,2.2e-05,7e-06,0.000327
9,9,9,5,4.6e-05,1.5e-05,0.000631
15,12,15,7,8.1e-05,2.3e-05,0.00086
22,15,22,8,0.000159,4.3e-05,0.001131
16,18,16,3,5e-05,1.6e-05,0.000839
53,21,53,13,0.000486,0.00017,0.002587
62,24,62,14,0.000624,0.000234,0.037931
77,27,77,13,0.000865,0.000336,0.038944
118,30,118,20,0.002472,0.000681,0.005999
128,33,128,25,0.003238,0.000969,0.006063
106,36,106,16,0.00137,0.000669,0.005166
37,39,37,6,0.00016,7.4e-05,0.001866
101,42,101,10,0.001025,0.000414,0.005234
4,8,4,5,2.6e-05,9e-06,0.000322
12,12,12,7,6.7e-05,2e-05,0.000678
39,16,39,21,0.000332,0.000121,0.001982
40,20,40,14,0.000319,0.000152,0.002086
83,24,83,20,0.001177,0.000488,0.004326
108,28,108,33,0.002205,0.000897,0.005603
203,32,203,43,0.006398,0.001763,0.009911
92,36,92,13,0.000848,0.000431,0.004909
206,40,206,34,0.00563,0.002038,0.01021
139,44,139,24,0.003003,0.001143,0.007406
258,48,258,27,0.007417,0.002148,0.013271
345,52,345,39,0.014014,0.004788,0.052183
162,56,162,16,0.002761,0.001102,0.008202
6,10,6,6,3.4e-05,1.4e-05,0.000423
13,15,13,20,0.000148,5e-05,0.000771
55,20,55,41,0.001019,0.000349,0.002962
44,25,44,21,0.000521,0.00027,0.002314
159,30,159,55,0.006261,0.001403,0.04016
202,35,202,58,0.008543,0.002515,0.011213
357,40,357,64,0.020885,0.006321,0.019424
408,45,408,91,0.034695,0.008434,0.057749
362,50,362,49,0.01616,0.005087,0.020361
719,55,719,94,0.077656,0.020689,0.11065
471,60,471,57,0.029286,0.008171,0.059313
713,65,713,71,0.06349,0.015794,0.073026
524,70,524,46,0.030181,0.006766,0.061141
8,12,8,15,6.5e-05,2.7e-05,0.000557
35,18,35,31,0.000456,0.000213,0.002119
41,24,41,24,0.000433,0.000228,0.002405
144,30,144,71,0.006034,0.001518,0.007938
225,36,225,75,0.010134,0.00324,0.04723
298,42,298,77,0.019924,0.004956,0.049777
560,48,560,103,0.048545,0.011169,0.069549
752,54,752,141,0.113059,0.022137,0.078512
434,60,434,62,0.027191,0.007643,0.060931
634,66,634,78,0.066382,0.015523,0.071455
1199,72,1199,142,0.286756,0.047218,0.147177
1433,78,1433,162,0.469251,0.075365,0.198187
1659,84,1659,156,0.497593,0.098941,0.212912
9,14,9,13,7.2e-05,3.7e-05,0.000625
46,21,46,53,0.001102,0.000401,0.002878
122,28,122,63,0.003805,0.001269,0.007523
174,35,174,84,0.007777,0.00274,0.009657
491,42,491,190,0.067713,0.015431,0.063322
408,49,408,102,0.034233,0.010116,0.024548
1080,56,1080,220,0.278332,0.057491,0.142659
1784,63,1784,387,1.04127,0.12583,0.23595
1712,70,1712,262,0.8499,0.147424,0.229814
1791,77,1791,222,0.712639,0.113802,0.277131
922,84,922,118,0.177567,0.027142,0.142776
1582,91,1582,173,0.528174,0.103731,0.219356
3234,98,3234,313,2.80595,0.461895,0.569706
8,16,8,22,8.9e-05,4.2e-05,0.000612
53,24,53,72,0.001554,0.000557,0.003415
210,32,210,113,0.011641,0.003801,0.012594
268,40,268,144,0.022772,0.005299,0.017143
862,48,862,366,0.290499,0.037806,0.136723
861,56,861,242,0.194485,0.03598,0.094949
1272,64,1272,291,0.386992,0.094687,0.156687
2352,72,2352,441,1.94224,0.287505,0.324697
2450,80,2450,388,1.95243,0.36497,0.382288
3645,88,3645,486,4.54579,0.702201,0.663208
2723,96,2723,343,2.09187,0.374188,0.453677
3828,104,3828,447,5.22345,0.652183,0.697946
5149,112,5149,480,8.80058,1.38677,0.852394
22,18,22,31,0.000217,0.000143,0.001681
84,27,84,97,0.003054,0.001208,0.005302
188,36,188,155,0.015798,0.003224,0.047722
499,45,499,248,0.089767,0.018118,0.067907
962,54,962,358,0.357043,0.052328,0.140913
1348,63,1348,363,0.585006,0.084455,0.210625
2202,72,2202,440,1.76323,0.265062,0.328359
1854,81,1854,305,0.969562,0.138605,0.256849
2907,90,2907,409,2.64444,0.462863,0.482101
4978,99,4978,685,9.27466,1.46672,0.884152
5408,108,5408,657,11.3278,3.14104,0.957844
7013,117,7013,696,20.4711,2.43214,1.16899
5279,126,5279,480,7.52931,1.40851,0.937951
2,2,2,1,1.3e-05,4e-06,0.000238
2,3,2,1,1.6e-05,3e-06,0.000238
3,4,3,1,1.7e-05,5e-06,0.000274
3,5,3,1,2e-05,4e-06,0.000266
5,6,5,1,2.2e-05,5e-06,0.000358
5,7,5,1,2.2e-05,5e-06,0.00036
7,8,7,1,2.3e-05,7e-06,0.00044
5,9,5,1,2.1e-05,5e-06,0.000348
7,10,7,1,2.2e-05,6e-06,0.000414
11,11,11,1,3.4e-05,1.3e-05,0.000593
9,12,9,1,2.8e-05,8e-06,0.000476
6,13,6,1,2.3e-05,6e-06,0.000375
8,14,8,1,2.5e-05,8e-06,0.000465
2,4,2,2,2.1e-05,3e-06,0.000218
3,6,3,2,2e-05,4e-06,0.00027
9,8,9,4,4.1e-05,1e-05,0.00051
16,10,16,5,7.4e-05,2.6e-05,0.000795
7,12,7,2,2.5e-05,8e-06,0.000425
18,14,18,3,5.7e-05,2.1e-05,0.000866
20,16,20,3,6.8e-05,2.3e-05,0.001022
23,18,23,3,7.2e-05,2e-05,0.001155
26,20,26,5,0.000104,3.5e-05,0.001281
39,22,39,6,0.000217,9.1e-05,0.00181
22,24,22,5,0.000137,4.2e-05,0.001104
32,26,32,4,0.000151,5.4e-05,0.001433
23,28,23,3,9.1e-05,3.4e-05,0.001078
4,6,4,4,2.6e-05,1e-05,0.000317
11,9,11,9,7e-05,2.2e-05,0.00062
30,12,30,9,0.000142,4.8e-05,0.001449
26,15,26,9,0.000154,5.2e-05,0.001323
61,18,61,10,0.000463,0.000192,0.002764
72,21,72,16,0.000971,0.00029,0.003503
60,24,60,9,0.000327,0.000114,0.002731
83,27,83,12,0.000641,0.000341,0.036065
87,30,87,15,0.001334,0.000397,0.004071
128,33,128,18,0.002006,0.000954,0.006457
133,36,133,17,0.002164,0.000869,0.006457
129,39,129,16,0.00214,0.000801,0.006462
150,42,150,17,0.003175,0.000793,0.00753
3,8,3,4,2.6e-05,6e-06,0.000293
14,12,14,15,0.000114,3.4e-05,0.000834
19,16,19,11,0.000147,4.7e-05,0.001059
62,20,62,22,0.000866,0.000303,0.036864
70,24,70,24,0.000979,0.000338,0.003711
116,28,116,25,0.001744,0.000939,0.006273
138,32,138,29,0.007073,0.002722,0.007568
113,36,113,24,0.002167,0.00096,0.006195
245,40,245,37,0.007764,0.003033,0.044632
237,44,237,36,0.006724,0.002492,0.04574
197,48,197,32,0.007075,0.001899,0.041242
378,52,378,31,0.014708,0.005326,0.054768
442,56,442,44,0.022344,0.007384,0.023069
6,10,6,9,3.8e-05,1.3e-05,0.000441
26,15,26,26,0.000317,0.000156,0.001419
52,20,52,32,0.000894,0.000313,0.00329
93,25,93,47,0.002162,0.000724,0.005073
166,30,166,31,0.003009,0.001502,0.008857
187,35,187,51,0.00565,0.001911,0.041505
223,40,223,43,0.008368,0.002964,0.046558
329,45,329,54,0.014898,0.004699,0.017882
500,50,500,71,0.037237,0.012085,0.028088
589,55,589,70,0.042298,0.013753,0.067599
504,60,504,53,0.030623,0.009855,0.061634
784,65,784,75,0.072055,0.019612,0.113576
819,70,819,75,0.120708,0.021919,0.117947
6,12,6,7,3.7e-05,1.6e-05,0.000438
46,18,46,25,0.000497,0.000232,0.002679
114,24,114,46,0.001858,0.000942,0.006819
193,30,193,84,0.010117,0.002285,0.046462
217,36,217,64,0.008785,0.002338,0.012169
252,42,252,65,0.011083,0.003209,0.05019
394,48,394,77,0.023744,0.008886,0.023153
710,54,710,112,0.09399,0.021868,0.110075
878,60,878,143,0.15502,0.032752,0.089737
830,66,830,117,0.145411,0.028792,0.12203
981,72,981,123,0.194557,0.033639,0.132263
1072,78,1072,108,0.234395,0.036237,0.102756
1356,84,1356,125,0.300738,0.079958,0.194979
7,14,7,12,5.1e-05,2.6e-05,0.000517
49,21,49,51,0.001039,0.000366,0.002981
86,28,86,53,0.002145,0.000832,0.005516
264,35,264,129,0.01995,0.004526,0.015503
375,42,375,119,0.036542,0.009326,0.022992
780,49,780,212,0.15111,0.030744,0.082135
965,56,965,214,0.25372,0.057206,0.129487
1275,63,1275,188,0.290862,0.067329,0.153286
769,70,769,135,0.147139,0.027507,0.083825
1509,77,1509,196,0.564296,0.122571,0.175949
2434,84,2434,267,1.57863,0.234977,0.365012
2386,91,2386,251,1.46143,0.209304,0.358936
2646,98,2646,274,2.29296,0.35481,0.3923
10,16,10,25,0.00012,5.4e-05,0.000775
57,24,57,46,0.000802,0.000505,0.003688
208,32,208,89,0.008577,0.003596,0.0128
311,40,311,160,0.030607,0.005982,0.019529
455,48,455,156,0.049024,0.015021,0.029204
984,56,984,279,0.265352,0.057009,0.139439
1191,64,1191,285,0.411152,0.094767,0.153617
1467,72,1467,264,0.623634,0.101693,0.17938
2237,80,2237,376,1.73521,0.242679,0.356214
3097,88,3097,417,2.9344,0.441489,0.528609
3665,96,3665,495,5.22466,0.669126,0.6234
4624,104,4624,523,8.14242,1.17274,0.732956
3191,112,3191,311,2.64663,0.591695,0.553806
14,18,14,33,0.00016,9.3e-05,0.001007
84,27,84,105,0.003158,0.000986,0.005337
261,36,261,232,0.030691,0.005412,0.052837
587,45,587,357,0.165881,0.021706,0.078278
898,54,898,363,0.322322,0.053266,0.13635
1518,63,1518,482,0.87421,0.137569,0.22368
2352,72,2352,579,2.45361,0.328929,0.374018
2851,81,2851,571,3.75885,0.546961,0.483337
3467,90,3467,534,4.56913,0.597527,0.65031
4604,99,4604,696,9.37407,1.00824,0.757856
6321,108,6321,738,17.7213,2.71873,1.09923
7392,117,7392,665,23.2923,4.46501,1.35587
6088,126,6088,525,12.9409,1.88221,1.06849
